<?xml version="1.0" encoding="UTF-8"?><feed xmlns="http://www.w3.org/2005/Atom"><id>urn:iweb:48DB9F54-F3F6-475F-8B60-8FEE7FC711C2</id><title>Page list Atom feed</title><updated>2008-02-24T16:47:31-08:00</updated><link rel="self" href="feed.xml"/><generator>iWeb</generator><author><name>iWeb</name></author><entry><id>urn:iweb:231729E2-8EE1-49A0-8EE8-D61B282A4F96</id><title>home</title><title xmlns="urn:iweb:">home</title><in-navbar xmlns="urn:iweb:">231729E2-8EE1-49A0-8EE8-D61B282A4F96</in-navbar><link rel="alternate" href="home.html"/><updated>2008-02-24T16:47:31.001-08:00</updated><content>home</content></entry><entry><id>urn:iweb:685BCD8B-9957-4167-8682-4AA46C699D18</id><title>about us</title><title xmlns="urn:iweb:">about us</title><in-navbar xmlns="urn:iweb:">685BCD8B-9957-4167-8682-4AA46C699D18</in-navbar><link rel="alternate" href="about_us.html"/><updated>2008-02-24T16:47:31.002-08:00</updated><content>about us</content></entry><entry><id>urn:iweb:1809635B-2870-4F34-81E1-F6832374F604</id><title>membership</title><title xmlns="urn:iweb:">membership</title><in-navbar xmlns="urn:iweb:">1809635B-2870-4F34-81E1-F6832374F604</in-navbar><link rel="alternate" href="membership.html"/><updated>2008-02-24T16:47:31.003-08:00</updated><content>membership</content></entry><entry><id>urn:iweb:622A1672-1CD6-4A4B-AA1E-49200F718BED</id><title>events</title><title xmlns="urn:iweb:">events</title><in-navbar xmlns="urn:iweb:">622A1672-1CD6-4A4B-AA1E-49200F718BED</in-navbar><link rel="alternate" href="events.html"/><updated>2008-02-24T16:47:31.004-08:00</updated><content>events</content></entry><entry><id>urn:iweb:0D0639F6-99A7-4A97-9A32-488431DA1B3D</id><title>ladder</title><title xmlns="urn:iweb:">ladder</title><in-navbar xmlns="urn:iweb:">0D0639F6-99A7-4A97-9A32-488431DA1B3D</in-navbar><link rel="alternate" href="ladder.html"/><updated>2008-02-24T16:47:31.005-08:00</updated><content>ladder</content></entry><entry><id>urn:iweb:ED013BB2-AA90-440D-8291-1D7A86F56952</id><title>photos</title><title xmlns="urn:iweb:">photos</title><in-navbar xmlns="urn:iweb:">ED013BB2-AA90-440D-8291-1D7A86F56952</in-navbar><link rel="alternate" href="photos.html"/><updated>2008-02-24T16:47:31.006-08:00</updated><content>photos</content></entry><entry><id>urn:iweb:C442455A-21C4-4D0A-83B9-DC6C763BA45E</id><title>archives</title><title xmlns="urn:iweb:">archives</title><in-navbar xmlns="urn:iweb:">C442455A-21C4-4D0A-83B9-DC6C763BA45E</in-navbar><link rel="alternate" href="archives.html"/><updated>2008-02-24T16:47:31.007-08:00</updated><content>archives</content></entry><entry><id>urn:iweb:F0F9E5A7-5D09-4009-BD18-3D9241E562C2</id><title>resources</title><title xmlns="urn:iweb:">resources</title><in-navbar xmlns="urn:iweb:">F0F9E5A7-5D09-4009-BD18-3D9241E562C2</in-navbar><link rel="alternate" href="resources.html"/><updated>2008-02-24T16:47:31.008-08:00</updated><content>resources</content></entry><entry><id>urn:iweb:5C1CDA6D-7870-484F-BDC0-A14C2485C3AF</id><title>ggtc map</title><title xmlns="urn:iweb:">ggtc map</title><in-navbar xmlns="urn:iweb:">5C1CDA6D-7870-484F-BDC0-A14C2485C3AF</in-navbar><link rel="alternate" href="ggtc_map.html"/><updated>2008-02-24T16:47:31.009-08:00</updated><content>ggtc map</content></entry><entry><id>urn:iweb:5A1B21F8-8FD6-4629-AAE4-2834799920A0</id><title>contact us</title><title xmlns="urn:iweb:">contact us</title><in-navbar xmlns="urn:iweb:">5A1B21F8-8FD6-4629-AAE4-2834799920A0</in-navbar><link rel="alternate" href="contact_us.html"/><updated>2008-02-24T16:47:31.010-08:00</updated><content>contact us</content></entry><entry><id>urn:iweb:3EF8FA10-8CAA-4976-AADC-67E759111886</id><title>newsletter</title><title xmlns="urn:iweb:">newsletter</title><in-navbar xmlns="urn:iweb:">3EF8FA10-8CAA-4976-AADC-67E759111886</in-navbar><link rel="alternate" href="newsletter.html"/><updated>2008-02-24T16:47:31.011-08:00</updated><content>newsletter</content></entry><entry><id>urn:iweb:7D1272CC-4A16-4820-9AE5-D7C300AABE08</id><title>captains blog</title><title xmlns="urn:iweb:">captains blog</title><in-navbar xmlns="urn:iweb:">7D1272CC-4A16-4820-9AE5-D7C300AABE08</in-navbar><link rel="alternate" href="captains_blog/captains_blog.html"/><updated>2005-09-20T18:08:38-07:00</updated><content>captains blog</content></entry></feed>